,BugFound,Precision,TPs,FPs
NoException,7.8,0.0024442091067385366,9.0,3699.9
TOGA,7.8,0.0024442091067385366,9.0,3699.9
